run,counter,motorspeed,expected_count
0,39,481,40.08333333333333
1,17,197,16.41666666666667
2,31,372,31.0
